Subject,StartDate,StartTime
Hello Meet,10/12/2025,8:00AM
Hello Meet,10/14/2025,8:00AM
Hello Meet,10/17/2025,8:00AM
Hello Meet,10/19/2025,8:00AM
Hello Meet,10/21/2025,8:00AM
Hello Meet,10/24/2025,8:00AM
Hello Meet,10/26/2025,8:00AM
Hello Meet,10/28/2025,8:00AM
Hello Meet,10/31/2025,8:00AM
Hello Meet,11/02/2025,8:00AM
Hello Meet,11/04/2025,8:00AM
Hello Meet,11/07/2025,8:00AM
Hello Meet,11/09/2025,8:00AM
Hello Meet,11/11/2025,8:00AM
Hello Meet,11/14/2025,8:00AM
Hello Meet,11/16/2025,8:00AM
Hello Meet,11/18/2025,8:00AM
Hello Meet,11/21/2025,8:00AM
Hello Meet,11/23/2025,8:00AM
Hello Meet,11/25/2025,8:00AM
Hello Meet,11/28/2025,8:00AM
Hello Meet,11/30/2025,8:00AM
Hello Meet,12/02/2025,8:00AM
Hello Meet,12/05/2025,8:00AM
Hello Meet,12/07/2025,8:00AM
Hello Meet,12/09/2025,8:00AM
Hello Meet,12/12/2025,8:00AM
